time_years,melanoma_death_cumulative_incidence,other_cause_death_cumulative_incidence,event_free_probability,melanoma_death_percent,other_cause_death_percent,event_free_percent
1.0,0.029413185220961095,0.02446269017145616,0.9461241246075827,2.9,2.4,94.6
3.0,0.1470659261048055,0.03426708524510986,0.8186669886500846,14.7,3.4,81.9
5.0,0.22353959842346674,0.04419778972983619,0.732262611846697,22.4,4.4,73.2
10.0,0.3387175089143501,0.10594706413575566,0.5553354269498942,33.9,10.6,55.5
