time_years,aalen_johansen_melanoma_death_cumulative_incidence,naive_one_minus_km_estimate,absolute_overestimation_percentage_points,aalen_johansen_percent,naive_one_minus_km_percent
1.0,0.029413185220961095,0.029901512843943046,0.0,2.9,3.0
3.0,0.1470659261048055,0.15140627716685828,0.4,14.7,15.1
5.0,0.22353959842346674,0.23126292805341708,0.8,22.4,23.1
10.0,0.3387175089143501,0.3551414564416905,1.6,33.9,35.5
