followup_interval,log_hazard_ratio,hazard_ratio,ci_95_lower,ci_95_upper,p_value
0 to 5 years,1.1633092624255532,3.200507088557286,1.6410743060051909,6.241792700319709,0.0006413030387892138
Beyond 5 years,0.008511872155769762,1.0085482011423086,0.37119453551917025,2.7402598279221033,0.9866831808049945
