variable,clinical_interpretation,hazard_ratio,ci_95_lower,ci_95_upper,p_value
age_per_10_years,Age: per 10-year increase,1.2797612864993249,1.096232399920636,1.4940161872071815,0.0017882714539539995
male_sex,Male sex: versus female,1.4862821807709443,0.9252149337837804,2.3875908615559354,0.10130435691400186
surgery_year_centered,Year of surgery: per 1-year increase,0.9183841643801437,0.8251389579383182,1.0221665881484945,0.11909012752036821
log2_tumour_thickness,Tumour thickness: per doubling,1.3195260549870629,1.0661778336671932,1.6330756040959111,0.010800803188912677
ulceration_present,Tumour ulceration: present versus absent,2.314749725176454,1.333159322108418,4.019074240677086,0.002869110599910353
