time_years,estimated_survival_probability,estimated_survival_percent
1,0.946124124607582,94.6
3,0.8186669886500841,81.9
5,0.7322626118466964,73.2
10,0.5553354269498937,55.5
